text,intent
ูู ุนุฏุฏ ูุณุชุดููุงุช ุงูุนุฒู ูู ูุตุฑ ููุง ูู ุงูุงูููุง,business location
ููุฎุงุตูู,nothing identified
ูุชู ููุชูู ููุฑููุงุ,the evolution of the virus
ุงูุง ุงุณู,nothing identified
ูุงู ุนุฏุฏ ุงููููุงุช ุงูููุงุฑุฏู,infected cases
ุนุงุฑูู ูุง ูููุณุง ุงูุง ุนูุฏู ูููู ุนุฑูุณ,crush
ูุง ูู ูุฑุถ ูุฑููุง ูุงูุนูุงุฌ ูุทุฑู ุงูููุงุจู,treatment
ุนุฏุฏ ุงูุงุตุงุจุงุช ูุฑููู ูู ูุตุฑ,infected cases
ูุงูุฏู ุชุนุจุงู ุดููู ูุตุฏุฑู ุจููุฌุนู ูุด ุนุงุฑู ุฏู ุฏูุฑ ุจุฑุฏ ููุง ููุฑููุง ุ,most vulnerable
ุนุฏุฏ ุงููููุงุช ุงูููุงุฑุฏุฉ ูุงู ูู ุฅูุทุงููุง,infected cases
ูู ุงูููุฑูุณ ููุฑูุง ูุจูู ุนูู. ุงูููุงุจุณ. ูุงูุงุญุฐูุฉ,transfer methods
ุงูุชูุฑูุฑ ุงูููุงุฑุฏู ูุงู,infected cases
ุทุงูุฑ ุฅุฒุงู ุงูุจูุช ูุงูููุงุจุณ,sterilization and disinfection
ูู ูุงุฏุฉ ุงูููููู ุชูุชู ุงูููุฑูุณุงุช ุจุญูุซ ูููู ุงุณุชุฎุฏุงููุง ูู ุชุทููุฑ ุงูุนูุงุฑุงุช ูุงูุฃุณุทุญุุุ,sterilization and disinfection
ูู ุนุฏุฏ ุงููุตุงุจูู ุงูููู ูู ูุตุฑ,infected cases
ูุงูู ุขุฎุฑ ุชุทูุฑุงุช ููุฑููุง ูู ุงูุณุนูุฏูู,infected cases
ุฃููุง ูุงููุณุง,greeting
ูุฑุญุจุง,greeting
ุนูุงุฌ ูุฏุนู ุงูููุงุนุฉ,precautions
ูู ุนุฏุฏ ุงูุญุงูุงุช ูู ูุทุฑ,infected cases
ุงูุงุนุฏุงุฏ ูู ุงูุตูู,infected cases
ููุญูู ููุฑููุง ูู ุงูุทุงููุง,infected cases
ุงูุญุงูุงุช ุงูุฌุฏูุฏุฉ ุจูุตุฑ,infected cases
ูููู ุงุนุฑู ุงุนุฑุงุถ ููุฑูุง,symptoms
ุงุนุฏุงุฏ ุงูุญุงูุงุช ูู ุฌููุจ ุฃูุฑูููุง ู ุงูุณูุฏุงู,infected cases
ุงููุณุจู ุงููุคูู ุจุงููุณุจู ูุนุฏุฏ ุงูุณูุงู,nothing identified
ุงูุญุงูุงุช ูู ุงูุทุงููุง,infected cases
ุงุนุฑุงุถ,symptoms
ุฏุฑุฌู ุงูุญุฑุงุฑู ุชุคุซุฑ ุนูู ููุฑููุง,warm weather
ูู ููุฑูุง ุชูุชุดุฑ ุนู ุทุฑูู ุงูููุงุก,transfer methods
ูุงู ุนุฏุฏ ุงููุตุงุจูู ูู ุงูุณุนูุฏูุฉ,infected cases
ุงุดูุฑู,reviews
ูููู ุงุนุฑู ุงุนุฑุงุถ ุงูููุฑููุง,symptoms
ูุง ูุณุจุฉ ุงูุดูุงุก ุงูู ุงูููุงู ูู ูุตุฑ,infected cases
ุงุนุฑุงุถ ูุฑููุง ุงูุงูููู,symptoms
ุฃูุง ุญุงุณุณ ุฅู ุณุฎูู ุนูุฏู ุตุฏุงุน,assessment
ุฃููุง ูููุณู,greeting
ุดูุฑูุง,reviews
ุนุฏุฏ ุงูุงุตุงุจุงุช,infected cases
ูุงูู ููุฑููุง ุ,about corona virus
ูุตุฑ,infected cases
ุงูุงุนุฏุงุฏ ูู ูุฑูุณุง,infected cases
ุงูุญุงูุงุช ุงูุฅูุฌุงุจูุฉ ุงูููุฑุฏุง ูุงู ูู ูุตุฑ,infected cases
ุงูุง ุฒุนูุงู ุฃูู,panic among the people
ุงุฎุฑ ุฏูุงุก ูููุฑููุง,treatment
ุฃูุง ุฎุงูู ููู,panic among the people
ูู ูุจุณ ุงูููุงุน ููู ุงู ูุง,muzzle/mask
ุทุฑู ุงูุนุฏูู,transfer methods
ุจุฑูุชูููู ุงูุนูุงุฌ,treatment
ูู ููุฌุฏ ุนูุงุฌ ูููุฑูุณ ููุฑููุง ุงูุงู,treatment
ุชูุฑูุฑ ูุฒุงุฑุฉ ุงูุตุญุฉ ุนู ุงูููู,infected cases
ูุง ูู ูุณุชุดููุงุช ุงูุนุฒู ูู ุงููุงูุฑุฉ ุ,business location
ุนุฏุฏ ุงูุญุงูุงุช ุงูุฌุฏูุฏุฉ ูู ุงูุณุนูุฏูุฉ,infected cases
ูู ูุงู ุญุงูุฉ ูู ูุตุฑ ุงูููุงุฑุฏุฉ ูููุณุฉ,infected cases
ู,nothing identified
ูุงูู ุงุนุฏุงุฏ ุงูุงุตุงุจุฉ ูู ูุฑูุณุง ุ,infected cases
ุงูุฒูู ุงููุง ููุฑุญุจุง ุจุญุถุฑุงุชูู,greeting
ุงูุงุนุฏุงุฏ,infected cases
ุงุนุฑู ุงุฒุงู ุงูู ูุฑูุถ ููุฑููุง,symptoms
ุณุจู ุงูููุงูู,precautions
ูุชุชู,nothing identified
ูู ุนุฏุฏ ุงูุงุตุงุจุงุช ูู ูุตุฑ ู ุงููููุช,infected cases
ููู ุชูููุช ูุนูู ููุชูู ููู ุ,the evolution of the virus
ูู ุชู ุงูุชูุตู ูุนูุงุฌ ูููุฑูุณ ููุฑููุง,treatment
ุงุชุฑู ูุณุงูุฉ ููุฏุงุฑูุง ูุงู ุจููู ูุจูู ุดุฎุต ุงุฎุฑ,precautions
ููุง,greeting
ูุง ูู ุงุถุฑุงุฑ ููุฑูุณ ููุฑููุง,about corona virus
ูุงูู ูุชู ุณุชุณุชูุฑ ุงูููุฑููุง,the evolution of the virus
ุงุนุฑุงุถ ุงูุงุตุงุจุฉ ุจููุฑููุง,symptoms
ุตุฏุงุน,assessment
ุงูู ูููู ุงูุนุฏุฏ ุชุฒู,infected cases
ุขู ูู ุทุฑู ุงูุชูุงู ููุฑูุณ ููุฑููุง,transfer methods
ููู ุฃุญูู ููุณู,precautions
ูุชุดูุฑ ุฌุฏุง,reviews
ูุง ุงูุฌุฏูุฏ,greeting
ููู ุงุทูุฑ,sterilization and disinfection
ูุงู ุนุฏุฏ ุงููุตุงุจูู ูู ุฃูุฑููุง ุจุงููุฑููู,infected cases
ุฏู ูุฏู ููุจูุธ ุงูููุงุด ูููู ุทุฑููุฉ ุชุทููุฑ ุงุฎุฑู,sterilization and disinfection
ุงูุฏููุณูุง,infected cases
ุนุงูุฒ ุงุนุฑู ุทุฑู ุงูููุงูู ูู ููุฑุณ ูุฑููุง,precautions
ุงุชููู ููู ุงูุชูููู ูุดุจุงุจ ูุตุฑ ุงูุนุธููู,kindness
ุงูู ุงูุฏููู ุงู ูุด ูููุง ููุฑููุง,nothing identified
ููููุฉ ุงูููุงูุฉ ูู ููุฑุณ ูุฑููุฉ,precautions
ุงูุง ุดุงูู ุงู ูู ุญุฏ ูู ุงูุฌูุฑุงู ุนูุฏู ุงูููุฑุณ ุงูู ุงูุฑูู ุงููู ุงุชุตู ุจูู ุนุดุงู ุงุจูุบูู,emergency
ุงูุง ุงุณุงูู ุน ููุฑูุฒ ูุฑููุง ุจุณ,about corona virus
ูู ุนุฏ ุงูุญุงูุงุช ูู ุงูุฑููุง ุงูููู,infected cases
ุงูุจุฑ ูุญุงูุท ููู ูุฑูุฑูุง,infected cases
ุทุจ ูููุด ุญู ูุณู ูู ูุฑููุง,treatment
ูุงูู ุชุญููู pcr,laboratory
ูู ุนุฏุฏ ุญุงูุงุช ุงูููุฑููุง ูู ูุตุฑ ุงูููู,infected cases
ูู ููุชูู ฺคูุฑุณ ูุฑููุง ุจุงูููุงุก,transfer methods
ุนุงูุฒ ุงุนุฑู ุฏุฑุฌู ุญุฑุงุฑุฉ ุงููุตุงุจ ุจุงููุฑููุง ุจุชุจูู ูุงู,symptoms
ุจุงูุชูููู ุงู ุดุงุก ุงููู ุชุนุงูู ูุฑุจูุง ูุญูุธูุง ุฌููุนุงู ูุงุฑุจ ุงูุนุงูููู,prayers
ุงุฎููุง ูุฏุฎู ุจูุดุฑุจ ุณุฌุงูุฑ ูุชูุฑ ูููู ุงูููุฑุณ ูุฌููู ุจุณุจุจูุง ุ,smoking
ููุง ุงูู ุงุนุฑุงุถ ุงูุงุตุงุจุฉ ุจุงูููุฑููุง ุ,symptoms
ูุงูู ุนุฏุฏ ุงูุญุงูุงุช ุงูููููุฉ ููุญุงูุธุฉ ุจูุฑุณุนูุฏ ูู ุธููุฑ ุงููุฑููุง ููุฑุณ ุงูู ุงูุงู,infected cases
ุนุงูุฒ ุงุดุญู ุงูููุจุงูู,nothing identified
ูุฐู ุงูุญุงูุงุช ูู ูุตุฑ ููุจูุงู,infected cases
ูุชู ููุชูู ูุฑููุง,the evolution of the virus
ุณูุนูุง ุงู ุฑูููุฏุณููุฑ ูุงููุฌุงู ูุจูุงููููู  ูู ุฏู ุตุญ,treatment
ุทูุจ ูุง ุฃูุง ุณุฃูุช ูู ุนุฏุฏ ุงูุญุงูุงุช ูู ุฅุณุฑุงุฆูู,infected cases
ุดูุฑุง ูููุณู,reviews
ุนุฏุฏ ุงููุตุงุจูู ูู ูุตุฑ,infected cases
ุงูุญุงูุงุช ุงูููู ูู ูุตุฑ,infected cases
ุงุฎุฑ ุงุนุฏุงุฏ ูุฑููุง,infected cases
ุงูู,greeting
ุนุฏุฏ ุงููุตุงุจูู ุจ ููุฑููุง ูู ูุตุฑ,infected cases
ุนุฏุฏ ุงูุฅุตุงุจุงุช ุงูููุงุฑุฏุฉ,infected cases
ุนุฏุฏ ุญุงูุงุช,infected cases
ุนุฏุฏ ุงูุญุงูุงุช ุงูููุงุฑุฏู ูุงู ุจุง ูููุณู,infected cases
ูููู ุงุนูู ุงูุชุญููู ูููุ,laboratory
ุงุนุฏุงุฏ ุงูุญุงูุงุช ุงูููุงุฑุฏู ูู ูุตุฑ,infected cases
ุทูุจ ุงูููุถูุน ููุฎูุต ุงูุชู,nothing identified
ูุง ูู ุงูุฃุนุฑุงุถ,symptoms
ูุงู ุฏู ุงูุชู ูุนุฏูู,reviews
ุงููุตุงุจูู ูู ูุตุฑ ูุงูุฏููุฉ ุงูุณุนูุฏูุฉ,infected cases
ุงูู ุงูุชูุตูุงุช,precautions
ุงูุญุงูุงุช ูู ุงููุฑููุฌ,infected cases
ูุงู ุนุฏุฏ ุงูุญุงูุงุช ูุฑุณ ูุฑููุง ูู ูุตุฑ,infected cases
ูููุตุงุจูู ูู ูุตุฑ ุงูููุงุฑุฏุฉ ูุงู,infected cases
ุฅุณุฑุงุฆูู,infected cases
ุงุณุจุงููุง,infected cases
ุฎูุงุต ูุง ุญุงุฌุฉ,no
ุขู ูู ุฃุนุฑุงุถ ููุฑุณ ูุฑููุฉ,symptoms
ุนุฏุงุฏ ุงูุญุงูุงุช,infected cases
ูุงูู ุงููุณุงุญุฉ ุจูู ุดุฎุต ูุดุฎุต ุชุญูู ูู ุงูุฅุตุงุจุฉ ุจุงูููุฑุณ,precautions
ุงุนุฏุงุฏ ุงูุญุงูุงุช ูู ุงุทุงููุง ู ูููุงูุฏุง,infected cases
ุนุฏุฏ ุงููููุงุช ูู ููุฏุง,infected cases
ูุงูุง ุดุงูุฏุช ุตุงุญุจ ููุฑุฉ ุงูุจุฑูุงูุฌ ูุน ูุญููุฏ ุณุนุฏ,nothing identified
ูุง ุดูุฑุง,no
ุณุนุงู,assessment
ูู ุนุฏุฏ ุงูุญุงูุงุช ู ุงูุทุงููุง,infected cases
ูู ุนุฏุฏ ุงูุญุงูุงุช ุงููุตุงุจุฉ ูู ูุตุฑ,infected cases
ุงูู ุฃุนุฑุงุถ ููุฑููุง,symptoms
ูุง ูุญุงูุธุฉ ุงููููุง ุงููู ูู ูุตุฑ ูุด ุงูุฏููู,infected cases
ุงููุง ู ุงุฒูู,how are you
ูุง ุนุฏุฏ ุงููุตุงุจูู ุงูููู ูู ูุตุฑ,infected cases
ุนุฏุฏ ุฅูุทุงููุง,infected cases
ูุงูู ููุฑูุณ ููุฑููุงุ,about corona virus
ูุณุจู ูุณุจู,infected cases
ุงุฒู ุงูุฑู ุจูู ุงูุตุฏุงุน ุงูุนุงุฏู ูุงูุตุฏุงุน ุฃุนุฑุงุถ ุงูููุฑูุง,comparison
ูุง ุดูุฑุงู,reviews
ููุงุฐุง ูุง ูุชู ุฎุตู ุงุนุฏุงุฏ ุงููุชุนุงููู ูู ุงููุฑุถ ูู ุนุฏุฏ ุงูุงุตุงุจุงุช,nothing identified
ุงูุง ุจุชุณุฃู ุนู ูุณุชุดููุงุช ุฎุงุตุฉ ุนูุดุงู ูุง ูุฏุฑ ุงููู ููุถูุน ููุฑููุง,business location
ูุณุชุดููุงุช ุงูุญุฌุฑ ูู ูุตุฑ,business location
ููุงู ุนุงูุฒ ุงุนุฑู ุงูู ุงูููุตูุฏ ุจูุชุงุฆุฌ ุชุญููุช ุญุงูุชูุง ูู ุงูุฌุงุจูู ูุณูุจูู,nothing identified
ุฃุณุงููุจ ุงูุฅุตุงุจุฉ ุฃุณุงููุจ ุงูููุงูุฉ ูู ุงูุฅุตุงุจุฉ,precautions
ูุงู ูู ููุณุทูู,infected cases
ุนุฏุฏ ูููุงุช ููุฑููุง ูุนุฏุฏ ุงููุตุงุจูู ููู ุนูุงุฌ ููู ูููู ูุง,infected cases
ูุงู,infected cases
ุงุนุฏุงุฏ ุงูุญุงูุงุช ูู ูุฑูุณุง ู ุฅุณุจุงููุง ู ุงูุฃุฑุฏู,infected cases
ุทุจ ูููุน ุชูููููู ุงูุนุฏุฏ ุงูู ุงุชุตุงุจ ููู ุงูุซูุงุซุงุก ูู ูุตุฑ,infected cases
ุจุฑุงูู,reviews
ูู ุชุฌุจ ุนูู ุณุคุงูู,nothing identified
ุงูุนุฏูู ูููู ุชูุชูู ูู ุงูููุง ููุง ุจูุฒู ุงูุดุงุฑุนุ,transfer methods
ูู ุณูุญุช ุงู ุงููู ูููู ููุตู ุจูู ูุฌุน ุงูุฒูุฑ ุงูุนุงุฏู ู ุงููุบุฑุดู ู ุจูู ุงูููุฑููุง,comparison
ุงุณูู,about bot
ููุงูุงุช,infected cases
ุงุนุฏุงุฏ ุงูุงุตุงุจุงุช,infected cases
ุฃุนุฏุงุฏ ุงูุญุงูุงุช ูู ูุตุฑ ุขู ุงูููุงุฑุฏุฉ ุฅูู,infected cases
ุงูุญู,treatment
ูู ุฃุตูุจ ุงุญุฏ ุจุงูููุฑูุณ ูู ุณุฌูู ูุตุฑูุฉ,infected cases
ูุงู ุนุฏุฏ ุงูุญุงูุงุช ูู ูุตุฑ,infected cases
ูุง ุจุนุฏ ูุฑูุงูุง  ุงูู,the evolution of the virus
ุงููุงุง,greeting
ูุง ูู ุงุนุฑุงุถ ุงูุงุตุงุจู ุจุงูููุฑููุงุ,symptoms
ูุง ูู ููุฑููุง,about corona virus
ุนูุฏู ุจุฑุฏ ุดุฏูุฏ,assessment
ูู ุฃุนุฏุงุฏ ุงูุฅุตุงุจุงุช ูู ูุตุฑ ููุจูุงู,infected cases
ูู ุนุฏุฏ ุงูุงุตุงุจุงุช ูู ููููุช,infected cases
ุนุฏุฏ ุงููุตุงุจูู ูุตุฑ,infected cases
ุญุงูุงุช ุงูููู,infected cases
ุงุฒูู ูููุณู,how are you
ูู ุดุฑุจ ุงูููููู ูููุณ ุถุฏ ููุฑูุณ ูุฑููุฉ,food and drinks
ุงููููุช,infected cases
ุงูุง ูุงูุฏู ู ูุงูุฏุชู ูุจุงุฑ ูู ุงูุณู ูุนูุฏูู ุงูุถุบุท ูุฎุงูู ุนูููู ุฌุฏุง ูุฌุฑุงููู ุญุงุฌู,most vulnerable
ูู ุงูุญุงูุงุช ูู ุงูุณุนูุฏูุฉ ูุตูุช ูู ุฅูุจุงุฑุญ,infected cases
ูู ุนุฏุฏ ุงูุญุงูุงุช ุงููุตุงุจุฉ ุจุงูููุฑููุง ุงูููู,infected cases
ูุงูู ุงูุงุฏููุฉ ุงูุชู ุชุณุงุนุฏ ุงูุฌุณู ููุฏุงูุน ุนู ููุณู ูู ููุฑููุง,treatment
ูุนุฏู ุงุตุงุจุงุช ูู ุงูุฌุฒุงูุฑ,infected cases
ููู ุตุฏุงุน ูู ุฃุนุฑุงุถู,assessment
ูู ูุตุฑ,infected cases
ูู ุงููุญุดู ุจูุชุฎู ุ,nothing identified
ูู. ุงูุงุณูุงู ูู ุงุนุฑุถ. ุงูููุฑูุง,symptoms
ุงุนูู ุงูู ูุงูุง ูุถุทุฑ ุงูุฒู ุงูุดุบู ู ุดุบูู ูู ููู ู ููุงู ูุฎุชูู,education and work
ูู ุงูุชูุฏูุฑ ูุงูุดูุฑ ููููุฑุฉ ุงูุฑุงุฆุนุฉ ุงูุชู ุจูู ุนูููุง ูุฐุง  ุงูุชุทุจูู ุงูุฌูุฏ ุฌุฏุง ูุงุดูุฑ ุงููููุฏุณ ุงุญูุฏ ูุญููุฏ ุนูู  ูุฐุง ุงูุชุทุจูู ูุฑุจูุง ูุฌุงุฒูู ูู ุฎูุฑ,kindness
ุงูุฅุนุฏุงุฏ ูู ูุตุฑ ููุจูุงู ู ุงูุณุนูุฏูุฉ ุ,infected cases
ูู ุทุงููุง ุงูุตูู ุฌู ูุฏู ุงูููุฑุณ ูููุชูู,warm weather
ุงูุช ููู,about bot
ุงูุง ุงุดุนุฑ ุจุณุฎููู ูู ุฌุณุฏู,assessment
ุงูู ุงุฎุจุงุฑ ุงูุชุนููู,education and work
ูููุฉ ุงูููุงูู ูู ููุฑููุง,precautions
ุงุนุฏุงุฏ ุงูุฅุตุงุจุฉ ูู ููุณุทูู,infected cases
ุงู ุจุงุนุฑุจู,spoken languages
ุงูุง ุฏุฑุฌุฉ ุญุฑุงุฑุชู 39,assessment
ุนุฏุฏ ุงููุตุงุจูู ูู ุงุณุฑุงุฆูู,infected cases
ูู ุนุฏุฏ ุงูุญุงูุงุช ุงููุณุฌูุฉ ูู ูุตุฑ,infected cases
ุงุนุฑุงุถ ููุฑููุง ุุ,symptoms
ูุงูู ุงูุฎุท ุงูุณุงุฎู,emergency
ูุงู ูุงุญุฏ ูุงุช ูู ููุฑููุง  ุงูููุงุฑุฏุฉ,infected cases
ุงูุง ุนูุฏู ุตุฏุงุน ูุฑุดุญ,assessment
ุงุนุฑุงุถ ูุฑุถ ูุฑููุง,symptoms
ุทุฑู ุงูููุงูุฉ,precautions
ูู ููููุฏุง,infected cases
ูููุณุฉ ูููู ุงุนุฑู ุงุนุฏุงุฏ ุงููููุงุช ูู ูุตุฑ ุจุงููุณุจู ูุจุงูู ุงูุฏูู ุงูุนุฑุจูู,infected cases
ุงูู ุขุฎุฑ ุงูุชุทูุฑุงุช ูู ูุตุฑ ูู ููุฑูุณ ูุงุฑููุง,infected cases
ูุง ูู ุชุฃุซูุฑ ูุฑููุง,about corona virus
ูู ุนุฏุฏ ุงููุตุงุจูู ูู ูุตุฑ ุงูุงู,infected cases
ููู ูุชู ุงูููุงูุฉ ูู ููุฑููุง ุจุงูุฑุบู ูู ุถุฑูุฑุฉ ุงูุชุนุงูู ูุน ุงูุฌูููุฑ,precautions
ุณุคุงูู ูู ุงูุตุฏุงุน ุงูุดุฏูุฏ ูุงููุจูุท ููู ุงุนุฑุงุถ ุงูุถุบุท ุงูููุฎูุถ ูุน ูุฒุงู ู ุงูุฌุณู ูุงูุชูุงุจ ู ุงูุญูู,assessment
ุงูุง ูุด ุจูุญ,assessment
ุงูููุงูู ูู ููุฑููู,precautions
ูู  ุชุนููู ุงูุดูุงุฑุน ูู ูุงูุฏู ูู ููุงุฌูู ููุฑููุง,sterilization and disinfection
ูู ููุฑููุง ุณููุชูู ูุน ุดุฏุฉ ุญุฑุงุฑุฉ ุงูุทูุณ,warm weather
ุงูููุงูู ููุงูุฑุงุถ ุงููุฒููู ุงูุง ูุฑูุถู ุฑููุงุชููุฏ,precautions
ุงุณูุงู,symptoms
ุงูุฏููู ุงูุชู ูู ููุชุดุฑ ุจู ูุจุงุก ููุฑููุง,nothing identified
ุฃูุง ุญุงุณุฉ ุณุฎูููุฉ ู ุฏุฑุฌุฉ ุญุฑุงุฑุชู ุนุงููุฉ ุฏู ูููู ูููู ุจุฑุฏ ููุง ููุฑุณ ูุฑููุฉ,assessment
ุนุฏุฏ ุงููููุงุช ุงูููู ูู ูุตุฑ,infected cases
ุงููุง ูุณููุง ุจู,greeting
ููู ุจุณ,nothing identified
ุงูู ุงูุงููุงู ุงูุงู ูู ุงูุณูููุง ุฏูููุชู ุ,nothing identified
ูู ููุฌุฏ ุนูุงุฌ ูุนุงู,treatment
ุฃุนุฏุงุฏ ุงููุตุงุจูู ุงูููุงุฑุฏุฉ ูู ูุตุฑ ูุงู,infected cases
ุงุนุฏุงุฏ ุงููุตุงุจูู ุงูููุงุฑุฏู,infected cases
ูู ูุถููู ุนุงูุฒุฉ ุงุนุฑู ูุฏุฉ ุจูุงุก ููุฑุณ ููุฑููุง ุนูู ุงูุงุณุทุญ ุจุดูู ุฏููู,transfer methods
ูุง ูุณุจุฉ ุงูุฅุตุงุจุฉ ุงูููู ูู ูุตุฑ,infected cases
ูู ุนุฏุฏ ุญุงูุงุช ุชุงููุงูุฏ ุงูููู,infected cases
ุนูุงุฌ ููุฑูุณ ููุฑููุง ููููู ูุชููุฑ ุงูุชูุ,treatment
ุทุจ ุงูุชู ุชูุฑุจู ูุณูุฑู,nothing identified
ุนุฏุฏุงููููุงุช ูู ุงูุฑููุง,infected cases
ุจูุฏูุ,nothing identified
ูู ุนุฏุฏ ุงูุงุตุงุจุงุช ูู ุงูููุฏ,infected cases
ุงูุจูุงู,infected cases
ุฅูู ุขุฎุฑ ุฃุฎุจุงุฑ ููุฑููุง ูู ูุตุฑ,infected cases
ูู ูู ูุตุฑ ูุงู ูุงุญุฏ ูุตุงุจ,infected cases
ูููุณุฉ,greeting
ูุงูู ูุณุชุดููุงุช ุงูุญุฌุฑ ุจูุตุฑ,business location
ุนุฏุฏ ุงูุญุงูุงุช ูู ุงูุณุนูุฏูู,infected cases
ุงููุงููุฉ ุงูุฑุฆูุณูุฉ,greeting
ููุง ูุจุงู ุงูู ุฑูุจูุช,reviews
ุงุนุฏุฏ ุงููุตุงุจูู ูู  ุงููุบุฑุจ,infected cases
ุนุฏุฏ ุงูุญูุงุช ุงูุงุฌุงุจูู ูู ุงูุฑููุง ูู ุณูุญุช,infected cases
ูู ุนุฏุฏ ุงูุญุงูุงุช ูู ูุตุฑ,infected cases
ูู ูููู ุงุฑูุญ ุงููุณุชุดูู ุงููููู ุญููููู ุนุดุงู ุงูููุณ ุชููู,business location
ูู ุฃุทูุฑ ูู ููุฑุณ ูุฑููุฉ,sterilization and disinfection
ุฏู ุงูุญุงูุงุช ุญุงูุงุช ูุฑููุฉ ูู ูุตุฑ,infected cases
ุงุนุฏุงุฏ ุงููุตุงุจูู,infected cases
ุงููู,greeting
ูู ููุฑููุง ุฎุทุฑ ุนูู ูู ุงููุงุณ,panic among the people
ูู ููุฌุฏ ูุตู ูุนูุงุฌ ููุฑููุง,treatment
ุฃุฎุจุงุฑ ุงูุญุงูุงุช ูู ูุตุฑ ุฅู ูู ุฏู,infected cases
"ุชุญูุฉ ุดูุฑ ูุชูุฏูุฑ ููู ุดุงุจ ูุตุฑู ูุจุฏุน ูุดุงุฑู ูู ูุฐุง ุงูุชุทุจูู",kindness
ุฃุฎุจุงุฑู ุฅูู,how are you
ูู ุนุฏุฏ ุญุงูุงุช ููุฑููุง ุงูููู,infected cases
ุงูู ุงูุงูุชุฑ ุงูููุฉ ูู ููุถูุน ููุฑูุง ูู ุงูุฌุงุฏ ููุงุญ ููุง ุนูุงุฌ ูู ุงูุงูุงู ุฏู,treatment
ูุง ูู ุงุญุชูุงู ุฒูุงุฏุฉ ูุณุจุฉ ุงูุงุตุงุจุงุช ุจุงูููุฑูุณ ุฎูุงู ุงููุชุฑุฉ ุงููุงุฏูุฉ,the evolution of the virus
ุงุดูุฑูู ุนูู ุงุญุชุฑุงููู ูุฑุจูุง ูุฌุนูู ูู ููุฒุงู ุญุณูุงุชูู ูุงุฑุจ ุงูุนุงูููู,kindness
ููู ุงุญูู ููุณู ูู ุงูููุฑููุง,precautions
ุนุฏุฏ ุงููุตุงุจูู ูู ุงูุนุงูู,infected cases
ุฒู ุฃุนูู ุชุญููู ููุฑุณ ูุฑููู,laboratory
ุงูู ููุง ุงุตู ุงูููุฑูุณุ,about corona virus
ุทุจ ุงู ุงูู ุจูููู ุงูููุงุนู,food and drinks
ุงู ุงููุชููุน ูุน ููุฑููุง ุจุนุฏ ุดูุฑ,the evolution of the virus
ุงูุญุงูุงุช ูู ูุตุฑ ูุฏ ุงูู ุ,infected cases
ุนุฑูุช ุงู ุณุงุนุงุช ุจูุธูุฑ ุทูุญ ุฌูุฏู ูู ุฏุง ุตุญูุญ,symptoms
ูุชูุฌุฉ ุงูุชุญููู ุณูุจูู ูุน ุญูู ุงููุฑุถ,laboratory
ุชูุตุญููู ุจูู ุนุดุงู ููุฑุณ ูุฑููุฉ,precautions
ุงุนุฑุงุถู ุงูู,symptoms
ุจููุนุฏ ุนูู ุงูุงุณุทุญ ูุงู ุณุงุนู,transfer methods
ุนุฏุฏ ุงูุฅุตุงุจุงุช ูู ูุตุฑ ุงูููุงุฑุฏุฉ ูุงู ุ,infected cases
ูู ููุฌุฏ ุนูุงุฌ ููุฑุถ ููุฑููุง ุฃููุฏ,treatment
ูุง ูู ุนุฏุฏ ุญุงูุงุช ุงููููุงุช ูู ููุฑููุง ูู ูุตุฑ,infected cases
ูู ุงูุตุฏุงุน ูู ุฃุนุฑุงุถ ููุฑููุงุ,symptoms
ุนุงูุฒู ุงุนุฑู ุงุฒุงู ุงุญุชูู ูุงูุง ูู ุงูุดุงุฑุน,precautions
ูุฑุญุจุง ูููุณู,greeting
ุงูุฑููุง,infected cases
ุฃููุง ุจุญุถุฑุชูู ุชุดุฑููุง ุจููู,reviews
ูู ุนุฏุฏ ุญุงูุงุช ุงููุตุงุจูู ุจุงููุฑุถ ูู ุฌูููุฑูู ูุตุฑ ุงูุนุฑุจูู,infected cases
ุงูุงุณููุฏุฑูุฉ ูุณุชุณูู ูุงุญุฏ ููุท,business location
ูู ุบุถูู ุดูุฑ,nothing identified
ูุงูู ุงุนุฏุงุฏ ุงูุงุตุงุจุฉ ูู ุณูุบุงููุฑุฉ ุ,infected cases
ุงููุญู ุฎุทุฑ,assessment
ุฃุนุฏุงุฏ ุงูุญุงูุงุช ูู ูุตุฑ,infected cases
ุฅุนุฏุงุฏ ุงููุตุงุจูู ูู ูุจูุงู ู ูุตุฑ ู ุงูุณุนูุฏูุฉ ุ,infected cases
ุชุนูููุงุช,nothing identified
ููุฑุฌุน ุดุบููุง ุงูุชูุ,back to work
ุฎูุงู ุงู24ุงููุงุถูุฉ,infected cases
ูู ูุฎุชุฑุน ูุฐุง ุงูููุฑูุณ ุงููุนููุ,nothing identified
ูู ุฃู ุญุงูุฉ ุธูุฑุช ูู ูุตุฑ ุงูุณ,infected cases
ูู ููู ุงููููุน ููู ุงูุฌููุฒู,spoken languages
ูู ุทุงููุง ุงูุตูู ุฌู ูุฏู ุงูููุฑุณ ููุชูุชู,warm weather
ุงููุญูู ุงู95%ูููุฏ ููุง ุงูู,sterilization and disinfection
ุฃูุงุช ูู ุฅูุทุงููุง,infected cases
ุงูุง ุนูุฏู ุฎูุณูู ุณูู ูุฑูุจุช ุฏุนุงูู ูู ุงูููุจ..ููู.ูุญูุฒ ุฃู. ุงุตูู.ููุง.ูุงุก,most vulnerable
ุฃูุฏ ุงู ุงุชุนุฑู ุนูู ูู ุญุงูุงุช ุงููุฑููุง ุงููููุ,infected cases
ุงุฐูู,nothing identified
ูุตุฏู ููููููู,nothing identified
ูุฏู ุงูุญุฌุฑ ุจุนุฏ ุงูุดูุงุก ูู ููุฑููุง,home quarantine
ุงูุชู ููู,about bot
ุทุฑู ุงูุชุทููุฑ,sterilization and disinfection
ูุณุชุดููุงุช ุงูุนุฒู,business location
ุดูุฑุงู ูููุณุฉ,reviews
ุงูุญุงูุงุช ูู ูุทุฑ,infected cases
ูุง ูู ุนุฏุฏ ุงูุญุงูุงุช ูู ุฏููู ูุทุฑ,infected cases
ุงูููุณุง ุงุฎุจุงุฑ ุงูุฃุตุงุจุงุช,infected cases
ูุจูุงู,infected cases
ูู ุชู ุงุฎุชุฑุงุน ุนูุงุฌ ููุฑููุง,treatment
ูุตุงุจูู ูกูกูู ุฃุจุฑูู ูุงู ูู ูุตุฑ,infected cases
ุนุฏุฏ ุงููุตุงุจูู ูุงู ุฏูููุชู,infected cases
ุนูุงูุงุช ุงููุฑุถ,symptoms
ูููู ูู ุงูุทุงููุง,infected cases
ุนุฏุฏ ุญุงูุงุช ูุตุฑ ุงูููุงุฑุฏุฉ,infected cases
ุฒููุงู ุงูู ุงูุญู,treatment
ููุงุฐุง ูุงูุชู ุฎุตู ุงูุญุงูุงุช ุงูุชู ุชุญููุช ูุณูุจูุฉ ูุงูุญุงูุงุช ุงููุชููุงู ูู ุงุฌูุงูู ุงูุญุงูุงุช ุงููุตุงุจุฉ ุจุงูููุฑูุณุ,infected cases
ูุดุทู ุนูููู,reviews
ุงูู ุฏููุฉ ูู ูุณุจ ุงููููุงุช ุงููุ,infected cases
ูููู ุงูุฌูุนุฉ ูุงู ูุง ูููุณุฉ,infected cases
ุนุฏุฏ ุงูุญุงูุงุช ูู ุณูุทูุฉ ุนูุงู,infected cases
"ุดูุฑุง
ุงููู ุจุณุฃู ุนููู ูุด ุนูุฏู ุดูุฑุง ูุชุนุจู",reviews
ุงุนุฏุงุฏ ุงููุตุงุจูู ูู ูุตุฑ ู ุงููููุช ู ุงูุทุงููุง ุงูุณุนูุฏูุฉ ูุจูุงู,infected cases
ุฃุฎุจุงุฑ ุฅุนุฏุงุฏ ุงูููุฑูุณ ุงูุจูู ูู ูุตุฑ,infected cases
ูู ุนุงูุฒ ุงุณุงูุฑ ุฏูููุชู ุงุนูู ุงููุ,nothing identified
ูุง ุนุฏุฏ ุฅุตุงุจุงุช ูุตุฑ ุงูููู,infected cases
ุงุนูู ุงูู,nothing identified
ูุงููู ุดูุฑุง ุฌุฒููุง ูุจุฑูุงูุฌ ุฑุงุฆุน ุดูุฑุง ูููุณุฉ,reviews
"ุดูุฑุง ูู 
ุณุงุชุญุฏุซ ูู ููุช ูุงุญู ุนูุฏูุง ุงุญุชุงุฌ ูุฐูู ๐๐น",reviews
ูู ุงููุฑู ุฏู ูุจุฑุถู ูุงุฌูุจุชุด ุนู ุงูุณุคุงู,nothing identified
ูู ูุฑุถ ููุฑููุง ูุคุซุฑ ุนูู ุงููุตุงุจูู ุจุงูุชูุงุจ ูู ุงูุฑุฆุฉุ,symptoms
ูุงู ุงุนุฏุงุฏ ุฅุตุงุจุงุช ุงูููู,infected cases
ุนุฏุฏ ุงููููุงุช ุงูููู,infected cases
ูู ูู ูุตุฑ ูู ูู ูุงุญุฏ ูุตุงุจ,infected cases
ูุชููููุด,nothing identified
ุฅุนุฏุงุฏ ุณููุงุฌ,infected cases
ูู ุนุฏุฏ ุงูุญุงูุงุช ูู ูุตุฑ ุงูููู,infected cases
ูุงู ุญุงูุฉ ูู ูุตุฑ,infected cases
ุนุฏุฏ ุงูุญุงูุงุช ุงููุตุงุจุฉ ูู ุงูููุฏ,infected cases
ุงูุญุงูุงุช ูู ุฅูุทุงููุง ู ุฅูุฌูุชุฑุง,infected cases
ุงุนุฏุงุฏ ุงูุญุงูุงุช ูู ุงูููุฏ,infected cases
ูู ุงูุชูุงุจ ุงูุฌููุจ ุงูุฃูููุฉ ูููู ูุณุจุจ ูุฑููุง,symptoms
ุนูุดุงู ุชุฌูุจ,nothing identified
ุนุฏุฏ ุงูุญุงูุงุช ุงููุตุงุจุฉ ูู ุฃููุงููุง,infected cases
ูู ุฃูุง ูุงุฒู ุฃูุจุณ ุฌูุงูุชู,gloves
ูู ุนุฏุฏ ุงูุญุงูุงุช ุงููุตุงุจุฉ ูู ุงูููุฏ,infected cases
ุดูุฑูุง .. ุดูุฑูุง .,reviews
ุงุนุฏุงุฏ ุงููุตุงุจูู ูู ูุตุฑ ุงูุงู,infected cases
ุฅุนุฏุงุฏ ุงููุตุงุจูู ูู ูุตุฑ ุจุณุจ ูุงุฑููุง,infected cases
ูู ูุญู ูุตููุง ุฅูู ุงูุฐุฑูุฉ ุงู ูุง,the evolution of the virus
ูุงู ุนุฏุฏ ุงูุงุตุงุจู ุจููุฑูุณ ููุฑููุง ุจูุตุฑุ,infected cases
ุนุฑุจู,spoken languages
ุชูุฑุงุฑ ููู ูุนุฑูู,nothing identified
ุฑุงุฆุน ุฌุฏูุง .. ุดูุฑูุง ุฌุฒููุงู .,reviews
ุงุนุฏุงุฏ ุงูุญุงูุงุช ูู ุงูุทุงููุง,infected cases
ูุฏุฉ ุงูุชุดุงุฑ ููุฑุณ ุนู ุงูุงุณุทุญ,transfer methods
ุงุนุฏุงุฏ ุงููุตุงุจูู ูู ุฅูุฌูุชุฑุง ู ููููุฏุง,infected cases
ุงูุญุธุฑ,curfew
ุงุนุฏุงุฏ ุงูุญุงูุงุช ูู ุฃููุฑุงููุง ู ุฑูุณูุง,infected cases
ุฅุนุฏุงุฏ ูู ูุตุฑ ูุงู,infected cases
ูุง ูู ูููู,about corona virus
ุงุนุฏุงุฏ ุงููุตุงุจูู ูู ูุตุฑ,infected cases
ุฏุนุงุก ุฑูุน ุงูุจูุงุก,prayers
ุงูุงุณูุงู ุนุฑุถ,symptoms
ูู ุงูุฏููู ุงููุชุณุจุจู ู ุธููุฑ ููุฑูุณ ููุฑููุง,about corona virus
ูู ูุชููู ุงูููุฑูุณ ุนู ุทุฑูู ููุงูุณู ููุงุจุถ ุงูุณูุงุฑุฉ ุงูููุงุจุถ ุฌููุน ุงูุฃุจูุงุจ ุงูุนุงูุฉ,transfer methods
ุงูุชู ููุชูู ุงูููุฑุณ,the evolution of the virus
ูุง ุขุฎุฑ ุงููุณุชุฌุฏุงุช ุงูุฏูููู ูู ุตูุน ูุงุตู ุงู ุนูุงุฌ,treatment
ูู ูููู ุงูุงุตุงุจุฉ ุจููุฑููุง ุฏูู ููุงูุณุฉ ุดุฎุต ูุตุงุจ ุงู ุงูุงูุชุฑุงุจ ููู ุ,transfer methods
ูููุณุฉ ุนุงูุฒ ุฃุนุฑู ุนุฏุฏ ุงูุญุงูุงุช ูู ูุจูุงู,infected cases
ุงุญูุง ุจูููุง ูุงู ูุงุญุฏ ุนูุฏู ูุฑููุง ุฏูููุชู,infected cases
ุงูููุฑูุณ ุฏู ููุฎูุต ููู ุฃูุชู,the evolution of the virus
ูููู ุงูุชูุงุตูู ุนู ุชุณุฌูู ุงูุนูุงูู ุงูุบูุฑ ููุชุธูู,nothing identified
ุงููุฑู ุจูู ููุฑููุง ูุงุงุงููุงูุฒุง,comparison
ูุงู ุนุฏุฏ ุงููุตุงุจูู ูู ุงูุงุณูุงุนูููู,infected cases
ููููุฉ ุงูุญุฐุฑ ูู ูุฑูู,precautions
ูู ุนุฏุฏ ุงููุตุงุจูู ูู ูุตุฑ ุงููููุ,infected cases
ุฌูุฒู ุจููุฒู ุงูุดุบู ูู ููู ููู ูุงุณ ุชุนุจุงูู ุนูุฏู ุงูู ุงูุงุนุฑุงุถ ุงููู ุชุนุฑููู ุงู ุฏู ุนุฏูู ููุฑููุง,symptoms
ูู ุฅูู ุงููุฑู ุจูู ููุฑุณ ูุฑููู ุงูุฅูููููุฒุง ุงูุนุงุฏูุฉ,comparison
ุจุฑุงูู ุนููู ูุง ูููุณุฉ ุฑูุนุชู ุฑุฃุณูุง ูุงูู ู ุดุทูุฑุฉ,reviews
ููู ุนุฏุฏ ุงููุตุงุจูู ุงูุฅุฌูุงูู,infected cases
ุฑูุณูุง,infected cases
ุชุฑููุง,infected cases
ู ูููู ุชููู ุงุนุฑุงุถ ุฑุจู ุงู ุงุฑุชุฌุงุน ูุฑู,assessment
ูุนูุฏูุด ุญุงุฌู,nothing identified
ูู ุนุฏุฏ ุงูุญุงูุงุช ูู ุงููุบุฑุจ,infected cases
ุฃุดูุฑู,reviews
ูู ุงุฑุจุน ุงูุงู ุจุงุญุณ  ุจุงุญุชูุงู ุจุณูุท ุงูุตุจุญ ูุจูุฑูุญ ุจุนุฏ ุดููู,assessment
ุงูู ุงูุฃููุงุช ุงููู ุงุนูููุง ูููุงุฏู ุนุดุงู ุชููุน ุงูุนุฏูู ุชุฌููู,food and drinks
ูู ุนุฏุฏ ุญุงูุงุช ุงูููู,infected cases
ูุง ูู ุงููุฑููุง,about corona virus
ูุงู ุนุฏุฏ ุงูุฅุตุงุจุงุช ููุฑููุฉ ูู ูุตุฑ,infected cases
ูู ูู ููุน ูุนูู ูู ุงูุฃูู ูููุณ ุถุฏ ููุฑุณ ูุฑููุฉ,food and drinks
ูู ููุงู ุงูุตุงู ุ,treatment
ุงูุณูุงู ุนูููู ูุฑุญูุฉ ุงููู ูุจุฑูุงุชู,greeting
ููููู ุงูุชุนุงูู ูุน ุงูููุฑุณ,precautions
ุงููุง ูููุณุฉ,greeting
ุงูููุฑุณ ุจููุถู ุนุงูุด ูุฏ ุงูู ุนูู ุงูุงุณุทุญ,transfer methods
ูุณุชูุจู ููุฑููุง ูุตุฑ,the evolution of the virus
ุดูุฑุงู,reviews
ูู ุงููุงุณู ูุญูู ูู ุงูุฅุตุงุจุฉ ุจุงูููุฑุณ,muzzle/mask
ูุชููุน  ููุชูู ูุชู ุงููุจุงุก ูุฑููุง,the evolution of the virus
ูุชู ูุฑุฌุน ุนูููุง,back to work
ุงูุญุงูุงุช ูู ุงููููููู,infected cases
ุงูุณูุงู ุนูููู,greeting
ุชูุงู,reviews
ุดูุฑุง ูุง ูููุณุฉ,reviews
ุงุนุฏุฏ ุงููุตุงุจูู ุงูููู ูู ูุตุฑ,infected cases
ุงูู ุชูุฌุฏ ูุณุชุดููุงุช ุงูุนุฒูุ,business location
ูุง ุจุนุฏ ุงูุดูุงุก,nothing identified
ููุณููู,nothing identified
ูู ุนุฏุฏ ุงูุงุตุงุจุงุช ูู ุงูุฑูุง,infected cases
ุงุนุฏุงุฏ ุงูุญุงูุงุช ูู ูุฑูุณุง ูุฅุณุจุงููุง ู ุงูุฃุฑุฏู,infected cases
ูุฌููุฏ ุทูุจ .. ุจุงูุชูููู,reviews
ูุง ุนุฏุฏ ุงููุตุงุจูู ูู ูุตุฑ,infected cases
ูู ุชู ุงููุตูู ูุฏูุงุก ูุนูู ููุนุงูุฌุฉ ุงูููุฑูุณ,treatment
ุงุฒุงู ุงุญูู ููุณู ูู ููุฑููุง,precautions
ุงูุง ุนูุฏู ุจุฑุฏ,assessment
ุชูุฑูุฑ ุงูุฅุตุงุจุงุช ูุงููููุงุช,infected cases
ุงุฒุงู ุงูุดุฎุต ูุนุฑู ุงูู ุนูุฏู ููุฑููุง ุงูู ุงูุนูุงูุฉ ุงููููุฒู ููุง,symptoms
ุนุฏุฏ ุงููููุงุช ูู ูุตุฑ,infected cases
ุงู ุงุนุฑุงุถ ูุฑููุง,symptoms
ูู ุงูุญุงูุงุช ูู ููุฏุง,infected cases
ุงูุงุซุงุฑ ุงููุชุฑุงููุฉ ุจุนุฏ ุงูุดูุงุก,nothing identified
ุงููุง ุงุฒูู,how are you
ุขููุข,greeting
ูุง ูู ุงูุนูุงุฌ ุงูููุงุฆู ุถุฏ ููุฑูุณ ููุฑููุง,precautions
ุงูุงุนุฑุงุถ ุงูุงููู ูุฅุตุงุจุฉ ููุฑููุง,symptoms
ุงุนุฏุงุฏ ุงูุญุงูุงุช ูู ูู ูุญุงูุธุฉุ,infected cases
ุงูุงุนุฏุงุฏ ูู ูุตุฑ ูุงู,infected cases
ูุง ุฅุนุฏุงุฏ ูุตุงุจุฉ ุจูุชูู,infected cases
ูู ุฅูู ุทุฑู ุงูุชูุงู ุงูุนุฏูู,transfer methods
ุงูุญุงูุงุช ูู ูุตู,infected cases
ุทุฑู ููุงูุฉ ุงุญุฏุซ ูู ุงูุทุฑู ุงูุญุงููุฉ,precautions
ุนุฏุฏ ุงูุญุงูุงุช ูู ูุตุฑ,infected cases
ุงุนุฑุงุถ ูุฑููุง,symptoms
ูู ุงูููุงูุงุช ุฐุงุช ุงูููุชุฑ ููู ุฃุดูุฑูุง ูุงุฑูุฉ n95. ูููู ุงุณุชุฎุฏุงููุง ุนุฏุฉ ูุฑุงุช ุจุนุฏ ุชุนููููุง ุฌูุฏุง ุจุงููุญูู,sterilization and disinfection
ุนุฏุฏ ุงููููุงุช ุญุงูุงุช ุงูููุฑููุง ูู ูุตุฑ,infected cases
ุงููุง ูุงุฒูู,how are you
ุณุฃูุช ูุจู ูุฏู,nothing identified
ุนุฏุฏ ุงูุญุงูุงุช,infected cases
ุงูุณูุณุชู ูุงูุน ูุงุญุฌู,reviews
ุงูุฃุนุฑุงุถ ุงูุฎูููุฉ ุงููุฑููุฉ,symptoms
ูู ูุงุญุฏ ูุตุงุจ ูู ูุตุฑ ููู ุงูุตูู,infected cases
ุนุงูุฒู ุชูุฑูุฑ ุงูููุงุฑุฏู ุจุณ,infected cases
ูุงู ุนุฏุฏ ุงูุญุงูุงุช ูู ุงูุฌููุง,infected cases
ุฃุนุฑุงุถ ููุฑุณ ูุฑููุฉ,symptoms
ุงุนุฏุงุฏ ุงูุญุงูุงุช ูู ุงูุทุงููุง,infected cases
ุงูุงุนุฑุงุถ,symptoms
"ููุช ุจุณุฃู ุนู ุชูุฑูู ุงูููุณ ุนุงูุฒู ุงุนุฑู ุงุฐุง ูุงู ุตุญ ููุง 
ุดูุฑุง ุนูู ุงููุนูููู",breathing test
ูู ุชุญููู ูุงูุจูุชุ,assessment
ุฃููุงุง,greeting
ูู ุนุฏุฏ ุงููุตุงุจูู ุญุงููุง,infected cases
ููููุฉ ุชูุงุซุฑ ููุฑุณ ููุฑููุง,transfer methods
ุฅุนุฏุงุฏ ุงููุตุงุจูู ูู ูุตุฑ ูุงููููุช,infected cases
ูู  ุนุฏุฏ ุงูุงุตุงุจุงุช ูู ุงุฑุงู,infected cases
ุงููุงููุง,infected cases
ุนุฏุฏ ุงูุฅุตุงุจุงุช ูู ูุตุฑ ุญุณุจ ุงููุญุงูุธุงุช,infected cases
ูู ุงูุณุนุงู ููุท ูู ุฃุนุฑุงุถ ููุฑูุง,symptoms
ูููู,nothing identified
ูู ุนุฏุฏ ุงูุญุงูุงุช ูู ุงูุณุนูุฏูุฉ,infected cases
ุงูุง ุจุนูู ูู functional test,nothing identified
ููุงู ุงูู ููู ุนูุงุฌ ุชูุตูู ุงููู ูู ูุฐุง ุตุญูุญ,treatment
ุงููุบุฑุจ,infected cases
ููู ูุชุฃุซุฑ ูุฑุถ ุญุณุงุณูุฉ ุงูุฌููุจ ุงูุฃูููุฉ ุจุงูููุฑุณ,symptoms
ุงุฎุฑ ุงูุงุนุฏุงุฏ,infected cases
ููู ูุชุนุงูู ูุน ุงููุดุชุฑูุงุช ูุจู ุฏุฎูู ุงูููุฒู,precautions
ูุง ูู ููุฑูุณ ุงููุฑููุง,about corona virus
ุดูุฑุง ูุญุถุฑุชูู,reviews
ุงูุงุนุฏุงุฏ ูู ูุตุฑ,infected cases
ุทุฑู ุชุทููุฑ ุงูุฎุถุฑูุงุช,sterilization and disinfection
ุงูุฅุฌุฑุงุกุงุช ุงูุงุญุชุฑุงุฒูุฉ,precautions
ุทูุจ ุงูู ูุฑู ููุฑููุง ุนู ุงูุงูููููุฒุง,comparison
ุงุนูู ุงูุจูุช ุงุฒุงู ูุงุณุชุฎุฏู ุงููู ูุญูู,sterilization and disinfection
ุงุฒูู ๐,how are you
ูู ูุญู ูู ุฃูุงู,panic among the people
ูู ุงูููุฑููุง ูููู ูุชุญูู ููุฑุถ ููุณูู ุ,about corona virus
ููู ุงุนุฑู ุงุฐุง ูุงู ุนูุฏู ููุฑููุง ููุง ูุฃุ,assessment
ูุง ูู ููุนุฏ ุงููุถุงุก ุงููุจุงุก,the evolution of the virus
ูู ุนูุฏู ุณุฎูููุฉ,assessment
ุงูุง ุจุณุฃู ุนูู ุนูุงุฌ,treatment
ูู ููู ุจููุถู ุงููุงูุฑูุณ ุนูู ุงูุงุณุทุญ,transfer methods
ุงูุญุงูุงุช ูู ุชุฑููุง,infected cases
ูุต,nothing identified
ู ุญุฌุฑ ุงููุณุงูุฑูู ูู ููุจู,home quarantine
ุนุฏุฏ ุงููุตุงุจูู ุงูููุงุฑุฏู ูู ูุตุฑ,infected cases
ุดูุฑุง ูุญุถุฑุชู ูุฌุฒุงูู ุงููู ุฎูุฑุง,reviews
ุจูุงู ูุฒุงุฑุฉ ุงูุตุญุฉ,infected cases
ูู ุชู ุงูุชุดุงู ุนูุงุฌ,treatment
ุงูู ุงูุงููุงุช ุงููู ุชููู ูู ููุงุนู ููุงุฏู,food and drinks
ุตุจุงุญ ุงูุฎูุฑ,greeting
ูุฏู ูุงุนููู ุงูุฎู ูู ุงููุถุงุก ุนูู ุงูููุฑูุณ,treatment
ูุงู ุญุงูู ูู ุงูุณููุฏ,infected cases
ุนุงููู ุงู,how are you
ุงูุชู ูููู,about bot
ุงูุตูู,infected cases
ุงูุญุงูุงุช ูู ุงูุณุนูุฏูู ูุตูุช ููุงู,infected cases
ุนุฏุฏ ุงูุญุงูุงุช ูู ูุตุฑ ุญุชู ุงูุงู,infected cases
ุฅุนุฏุงุฏ ุงูุญุงูุงุช,infected cases
ุงุนุฏุงุฏ ุงูุญุงูุงุช,infected cases
ูุงู ุนุฏุฏ ุญุงูุงุช ูุตุฑ,infected cases
ูุฐู ุงูุญุงูุงุช ูู ุฃูุฑููุง,infected cases
ููุณุทูู,infected cases
ูู ูู ุฌุงูู ูุญู ุงุชุตุฑู ุงุฒุงู,assessment
ูุง ูููุณุฉ ูู ุตูุนู,about business
ุงุฎุจุงุฑ ููุฑูุง ุงูู,about corona virus
"ูุง ูุด ุงูุญุถุงูู, ุงูููุถูุน ููู ููุฎูุต ุงูุชู",nothing identified
ุงููุง ูุง ูููุณุฉ๐คฃ,greeting
ูู ูุฑุถ ููุฑููุง ูู ูุตุฑ ูุตู ูุฐุฑูุชู,infected cases
ูุฃู ุนุฏุฏ ุงูุญุงูุงุช ูู ูุญุงูุธุฉ ุงููููุง,infected cases
ุงูุญุงูุงุช ูู ุงูุฑุงู,infected cases
ุตุจุงุญ ุงูุฎูุฑ ๐,greeting
ูู ููุงู ุงู ุนูุงุฌ ุงู ูุตู ุ,treatment
ุฑุฃู ูุฅููุงุต,nothing identified
ุนูุฏู ุงูู ูู ุงูุตุฏุฑ,assessment
ููู ุญุงูู ูุง ูููุณุฉ,how are you
ูู ุนุฏุฏ ุงูุญุงูุงุช ุงูููู,infected cases
ูุงููุฒูุง,infected cases
ูู ุณุนุฑ ุงูุฏููุงุฑ,nothing identified
ุนุงูุฒุฉ ุฃุนุฑู ุงูุญุงูุฉ ุฅูู ุฃุญูุง ูููุง ูุงูููู ุญููุชูู ุฃูุชู,panic among the people
ุงูุงู ูู ุงูุฑูุจุฉ,assessment
ุงู ุงุนุฏุงุฏ ุงูุงุตุงุจุงุช ูู ูุตุฑ ุงูููุงุฑุฏู,infected cases
ูุงู ุนุฏุฏ ุงูุญุงูุงุช ุงูุฌุฏูุฏุฉ ูู ุงูุณุนูุฏูุฉุ,infected cases
ูุง ูู ุงูุฃุนุฑุงุถ ุงูุชู ุชุคูุฏ ุงูุฅุตุงุจุฉ ุจููุฑููุง,symptoms
ูุญุชุงุฌ ุงุนุฑู ุงูุงุนุฑุงุถ ุงูุงูููู ููุฑููุง,symptoms
ุงููุงู,greeting
ุงูููุฑุณ ุจูุฌู ููุงุทูุงู ููุง ุงููุงุณ ุงููุจูุฑู ุจุณ,most vulnerable
ุนุงูุฒ ุงุนุฑุงุถ ูุฑููุง ูุฎุงุตู ุงููุฑุญูู ุงูุงููู,symptoms
ุทูุจ,nothing identified
ุงูู,nothing identified
ุงูู ูู ุงููุฑู,comparison
ุดูุฑุง ููู,reviews
ุงุนุฏุงุฏ ุงูุฅุตุงุจุฉ ูู ูุตุฑ ูุตู ูุงู,infected cases
ุทูุดุช ูู ูุนุฏุฉ ุงูุจูุช,home quarantine
ูุญุดุชููู ูุง ุบุงููุฉ,crush
ุงูุณูุงู ุนูููู  ุงุฒูู,how are you
ูููู ุงุนุฑู ุงุฎุฑ ุงูุฃุนุฏุงุฏ ุงูุฎุงุตุฉ ุจุฅุตุงุจุงุช ููุฑูุณ ููุฑููุง ุงูููู,infected cases
ูู  ุงูุชูุ,about business
ุดุบู ุญูู,reviews
ุดูุฑุง ูุฐููู,reviews
ูู ุงููุฑุถ ูููู ุนู ุทุฑูู ุงูููุงุก,transfer methods
ุงูุฃุนุฑุงุถ ุงูุงุณุงุณูู ูููุฑูุณ ููุฑููุง,symptoms
ูููุงู ุงูุญูุงุช ุงูู ุฎูุช,infected cases
ุดููู ุบุจูุฉ,nothing identified
ุงููุง ุจูู,greeting
ุงูุญุงูุงุช ูู ุงูุฑููุง ุ,infected cases
ุนู ุทุฑูู ุงูุงุฎุชูุงุท,transfer methods
ููู ุงูุญุธุฑ ุงูุชู,curfew
ุจุงู,end conversation
ูุนู,yes
ูุงูู ุทุฑู ุชุฌูุจ ุงูุนุฏูู ูููู ุงุญูู ููุณู,precautions
ูุงูู ุงูุถู ุทุฑููู ููุชุทููุฑ,sterilization and disinfection
ูู ุงูููุฑุณ ุจููุชูู ูู ุงูุฌู,transfer methods
ูู ุนุฏุฏ ุงูุญุงูุงุช ุงูุงุณููุฏุฑูู,infected cases
ูู ุญุฏ ุฌุชูุฉ ูุญุฉ ุดุฏูุฏุฉ ูุจุญุฉ ุตูุช ู ุถููุฉ ููุณ ุจุณ ูุงููุด ุณุฎููุฉ ููุง ุจูุบู ูุนูู ุฃุดุนุฉ ุนูู ุงูุตุฏุฑ ููุงููุด ุญุงุฌุฉ ูููู ุชููู ููุฑููุง ุฑุบู ุฑูุถ ุงูุญููุงุช ุงุณุชูุจุงูุฉ,assessment
ุฃุนุฏุงุฏ ุงููุตุงุจูู ูู ูุตุฑ,infected cases
ุฅุนุฏุงุฏ ุงูุญุงูุงุช,infected cases
ูุง ูู ุฃุนุฑุงุถ ููุฑููุง,symptoms
ุงูุช ูููู ูููุณู,about business
ูู ุงูุงุตุงุจู ุชุฃุชู ุจุงููุฎุงูุท ูุญุงูุฉ ุงุตุงุจู ููุท,transfer methods
ูุงูู ุงูุณููุงุฑูู ุงููุงุฏู ููุงุตุงุจุฉ ูู ูุตุฑ,the evolution of the virus
ุชูุฑูุฑ ุฅุนุฏุงุฏ ุงููุตุงุจูู ูู ูุตุฑ ุจุณุจ ูุงุฑููุง,infected cases
ุดูุฑุง ุฌุฏุง,reviews
ูู ุฅูู ุทุฑู ุงูุชุทููุฑ ุงููููุณุฉ ุนุดุงู ูู ุฑูุณููุฑู,sterilization and disinfection
ูู ุงูุญุธุฑ ุงุชุฌุฏุฏุ,curfew
ุจูููุง ูุงู ูุตุงุจ ูุญุฏ ุฏูููุชู ุ,infected cases
ุงูุง ูููุณู ูุง ูููุณู ุงูุชู ุนุงููู ุงูู,how are you
ูู ุงูุญููุงูุงุช ุชุตุงุจ ุจููุฑูุณ,infection by animals
ุงูุง ุชุนุจุงูู ูู ูุจู ุงููุทุฑ ููุงุฒูุช ูุฑูุถู,assessment
ุขู ูููู ุฅุตุงุจุฉ ูุฑููุฉ ูู ุงูุนุงูู ูุญุฏ ุฏูููุชู,infected cases
ูู ุนุฏุฏ ุงูุฅุตุงุจุงุช ุงููุฑูู ูู ูุตุฑ,infected cases
ุฃููุงู,greeting
ูุนู ุ ุจุงูุชุฃููุฏ ๐,yes
ุงูุนุงูุฉ,nothing identified
"ูุนูุด ุงูุง ุจุณุงู ุนู ุงูููู ููุท 
ูุด ุงูุญุงูุงุช ูููุง",infected cases
ูุณุจ ุงููููุงุช ูู ูุทุฑุ,infected cases
ูู ูููู ุงุฑุณุงู ุงููุนูููุงุช ุจุงููุบุฉ ุงูุนุฑุจูุฉ,spoken languages
ุจุฎุตูุต ูุฑููุง,about corona virus
ููุฑููุง*,about corona virus
ุนุฏุฏ ุญุงูุงุช ุงููุฑููุง ูู ูุทุฑ,infected cases
ุงูุญุฌุฑ ุงูููุฒูู,home quarantine
ุงุนุฏุงุฏ ุงููุตุงุจูู๐,infected cases
ูู ุชุนุงููุช ูุน ุดุฎุต ูุตุงุจ ุฌุฏูุฏ  ูู ุชุธูุฑ ุนููู ุนูุงูุงุช ุงููุฑุถ. ูู ุงูููุงูู ูุงูุฌูุงูุชู ููููุง ููุญูุงูู ู ุงูุนุฏููุ,muzzle/mask
ูู ุญุงูู ุงูุณ,infected cases
ุฃู ุนูู ุงูุฃุตุงุจุงุช ูู ูุฏููุฉ ุฃุณูุงู ูู ูููุฑููุง,infected cases
ุดูุฑุง ุนูู ุงูุฅูุงุฏุฉ ูุงููุฌููุฏ ุงูุนุธูู ุฎุงูุต ุชูุฏูุฑู ูุงุญุชุฑุงูู ููู ูุน ูุฒูุฏ ูู ุงููุฌุงุญ,reviews
ุฃุดุนุฑ ุจุงูู ูู ุงูุตุฏุฑ. ูู ูุฐุง ูู ุงุนุฑุงุถ ุงููุฑููุง,assessment
ุงูููุงุญ,treatment
ุนุฏุฏ ุงูุงุตุงุจุงุช ูู ูุตุฑ,infected cases
ูู ุฏููุฉ ู ุงูุนุงูู ูุงุตุงุจูุง ุงูููุฑูุณ,infected cases
ุงูู ุงูุงุนุฑุงุถ,symptoms
ุงู ูุญุงูุธุงุช ุชู ุงูุชุดุงู ุญูุงุช ูููุง,infected cases
ุงูููุงูู,precautions
ูู ุฌุฏู,infected cases
ุดูุฑุง,reviews
ูู ุงููุงุณู ุงูููุงุด ุตุญู ููุชุนุงูู ูุน ุงูููุฑููุง,muzzle/mask
ูุฑูุณุง,infected cases
ูููุง ูุฏุง ุจุงูุญุฌุฑ ุงูููุฒูู,home quarantine
ุงูุญุงูุงุช ุงููุตุงุจุฉ,infected cases
ุงูุช ุฌููู,crush
ูู ูู ุนุทุณ ูุงูุชุฑ ูู ูุฑู ูู ูู ูููุุ,assessment
ุฒู ุฃุนูู ุชุญููู ููุฑุณ ูุฑููุฉ,laboratory
ุงุฒูู,how are you
ุงูุชููุณ ุฒุงู,breathing test
ููุช ูุญุชุงุฌ ุชูุฑูุฑ ูุงูู ุจุงูุญุงูุงุช ุญูู ุงูุนุงูู,infected cases
ูุชู ุชุฑุฌุน ุงูุงููุฑ ููุง ูุงูุช ูู ูุตุฑ ูุจู ูุฑููุงุ,infected cases
ุฅุฒูู,how are you
ุนุดุงู ุงููุตุฑููู ููุง ุงููู ููุดุชุบูููู,nothing identified
ูุทุฑ,infected cases
ุงูู ูู ุงููุฑููุง,about corona virus
ูุณุจุฉ ุงููุญูู ูุงู,sterilization and disinfection
ููุถูุน ููุฑููุง ุณููุชูู ูุชู ุ,the evolution of the virus
ุณุฑุนุฉ ุงููุฐู,nothing identified
ุฅูู ูู ุนุฏุฏ ูููุงุช ูุตุฑ ุงูููุงุฑุฏุฉ ููู ุฑูู,infected cases
ุงุนุฏุงุฏ ุงููุตุงุจูู ูู ุงูุดุฑููู,infected cases
ูููู ุชูููููู ูุง ูููุณู  ูู ูุจุณ ุงููุงุณูุงุช ููู ููุง ูุฃ,muzzle/mask
ูู ุญูููู ุฎุจุฑ ุงู ูู ุฏูุงุก ุจุงูุฑููุง ุชู ุงูุชุดุงูู ูููุธูุฑ ุจุนุฏ ุงุณุจูุน ุงู ุงู ูุฐู ุงุดุงุนุฉ,treatment
ูู ุนุฏุฏ ุญุงูุงุช ุงููุตุงุจูู ุจุงููุฑุถ ูู ุฌูููุฑูู ูุตุฑ ุงูุนุฑุจูู ุงูููู,infected cases
ููุง ุงููุงุณ ุงููู ุจูุฌูููุง ุงูููุฑุณ ุจุชุชุนุฒู ููู ุ,business location
ุดูุฑุง,reviews
ุนุงุฑูุฉ ููู ุ,nothing identified
ูุงู ุนุฏุฏ ุงููุตุงุจูู ุงูุขู ูู ูุตุฑ ุจููุฑูุณ ูุฑููุง,infected cases
ูุชู ููุชูู ูู ูุฐุง ุงููุจุงุก,the evolution of the virus
ุงููุง ูุงููุณุง,greeting
ุงุนุฏุงุฏ ุงูููู,infected cases
ุนุงุทูุจ ุงูุฑููุง ุฑุงูุญู ุนูู ูููุ,infected cases
ุงูุงุฑุฏู,infected cases
ุงูุนูุงุฌ,treatment
ุงุนุฏุงุฏ ุงูุฅุตุงุจุงุช ูู ุงูุฑููุง ู ุงุทุงููุง ุงูุจุงุฑุญ ุ,infected cases
ููุณููู,infected cases
ุงุนุฏุงุฏ ุงููุตุงุจูู ูู ุงูุนุงูู,infected cases
ููููู ุงูุชุนุงูู ูุน ุงูุดูุท ูุงูุงุบุฑุงุถ ุงูุชู ูุชู ุดุฑุงุฆูุง,precautions
ููู ุฏุฑุฌู ุงูุญุฑุงุฑู ูุชููููู,warm weather
ูู ุนุฏุฏ ุงูุญุงูุงุช ุงููุชููุน ุธูุฑูุง ูู ูุตุฑ,infected cases
ุทุจุนุง ูููููู ุฏู ูุด ุงุนุฑุงุถ ููุฑููุง,symptoms
ุดูุฑุง ูููุณุฉ,reviews
ุงูุนุฑู ุงุฒุงู ุงูู ูุตุงุจู ุจุงูููุฑููุง,symptoms
ุงูููุฏ,infected cases
ุฏูุงุก,treatment
ุงูุญุงูุงุช ูู ูุตุฑ,infected cases
ุฃุฎุจุงุฑ ุฌุฏูุฏู,infected cases
ูู ููุฑููุง ููุชุดุฑ ุนุจุฑ ุงูููุงุก ุ,transfer methods
ุงูุง ุงุญุจู ูููุณุฉ,kindness
ููุฑูุณ ููุฑููุง,about corona virus
ูุญู,assessment
ุงูุญุงูุงุช ูู ุงูุตูู,infected cases
ุดูุฑุง ูููู,reviews
ุณูุงู ุนูููู,greeting
ูููุณุฉ,greeting
ุงููุง ๐,greeting
ุงุนุฑุถ ุงุงููุฑุถ,symptoms
ูู ุนุฏุฏ ุงููุตุงุจูู ูู ูุตุฑ ุงูุงู,infected cases
ุจูุช ูุญุชุฑู ุงูู,kindness
ุงูุตุฏ ุงูู ุงุนุฑุงุถ ูุฑูุงูุง  ุงูุง ููู ูุชุงูู ููู,symptoms
ุงูุง ุงุดุนุฑ ุจููุฏุงู ุฌุณู ูุงูุง ูุง ุงูุงู ููู ููุชุธู ุจูุง ุชูุตุญููู,symptoms
ุงูุญุงูุงุช ุงูููู,infected cases
ููุฑููุง ููุฎูุต ุฅูุชู,the evolution of the virus
ุงูุงูู ุงูุญุฌุฑ ุงูุตุญู ูู ูุตุฑ,home quarantine
ุงูุฅุนุฏุงุฏ ูู ูุตุฑ ู ูุทุฑ,infected cases
ูุตุฑ ูุงูุณุนูุฏูู,infected cases
ุฏููุฉ ููุณููู,infected cases
ูุงู ุนุฏุฏ ุงูุญุงูุงุช ูู ุงููููุช ููุทุฑ,infected cases
ุงููุตุงุจูู ูุฏ ุฅูู ุงูููุงุฑุฏุฉ,infected cases
ุฅูู ูู ุฃุณูุฃ ุณููุงุฑูู ูููู ูุญุตู ููุตุฑ,the evolution of the virus
ุฃููุงู .,greeting
ุงุฒุงู ุงุนุฑู ุงุฐุง ูุงู ุนูุฏู ููุฑููุง ููุง ูุงุ,symptoms
ุงูุนุฏูู ูููู ุชุชูููู ูู ุงูููุง ููุง ุจูุฒู ุงูุดุงุฑุน,transfer methods
ูุง ูู ูุฑููู,about corona virus
ุฃุนุฑุงุถ ููุงุฏ ุงููุฑูุถ,symptoms
ุญููุงุช,business location
ูู ุนุฏุฏ ุงููุตุงุจูู ุงูููุงุฑุฏุฉ ูุง ูููุณุฉ ูู ูุตุฑุ,infected cases
ุงูู ุขุฎุฑ ุฃุฎุจุงุฑ ูุฑููุง,infected cases
ุจุงูุนุฑุจู,spoken languages
ูุง ููุด ุงุฎุจุงุฑ ุนู ุฃู ูุตุฑ ุฃู ุฃู ุฏูุงุก,treatment
ุฃุนุฑุงุถ ูุฑุถ ููุฑูุง,symptoms
ูุงู,greeting
ูุงู ุนุฏุฏ ูุตุจูู ูุฑููุง ูู ูุตุฑ,infected cases
ุนูุฏู ุณุนุงู  ูุตุงุญุจ ุจุจูุบู ูู ูุฏู ุชุจูู ููุฑููุง,assessment
ุงุนุฑุงุถ ุงููุฑููุง,symptoms
ุทูุจ ูุงุฐุง ุนู ุงููุตู ุ,treatment
ูู ุงูููุงูุงุช ุฐุงุช ุงูููุชุฑ ููู ุฃุดูุฑูุง n95. ูู ุชุณุชุฎุฏู ุนุฏุฉ ูุฑุงุช ุจุนุฏ ุชุนููููุง ุฌูุฏุง ุจุงููุญูู ุงู ูุง,sterilization and disinfection
ุณุฃูุชูุง ูุง ูู ุนูุงูุงุช ุงููุฑุถ ุ,symptoms
ุงุนุฑู ุงุฒุงู ุงูู ูุตุงุจ,symptoms
ุงูุณูุฏุงู,infected cases
ุนุฏุฏ ุงูุญุงูุงุช ุงูุฌุฏูุฏุฉ ูู ูุตุฑ,infected cases
ุงุฒูู ูุงููุณู,how are you
ุงููุง ููุฑุญุจุง,greeting
ุงุนูู ุงูุจูุช ุงุฒุงู ูุงุณุชุฎุฏู ุงููู ูุญูู ุ,sterilization and disinfection
ุทุจ ุงูุชู ุฐููุฉุ,nothing identified
ูููุน ุงุณุงู ุนูู ุงู ุญุงุฌู ุชุงูู,nothing identified
ููุงุกุฉ ๐,reviews
ุงูุญุงูุงุช ุงูุฌุฏูุฏุฉ,infected cases
ุนุฏุฏ ุงูุงุตุงุจุงุช ุจูุฑููุง ุงูููู ูู ุงูุณุนูุฏุจุฉ,infected cases
ูุง ูู ุฃุนุฑุงุถ ุงููุฑุถ,symptoms
ุนุฏุฏ ุญุงูุงุช ุงูููู,infected cases
ุณูุงู,end conversation
ูู ุนุฏุฏ ุงูุญุงูุงุช ูู ูุตุฑ,infected cases
ุงูุฏูุง ุฅูุชู ุ,treatment
ุงูู ุงูุงุฎุจุงุฑ ูุง ูููุณุฉ,how are you
ุงูุงุนุฏุงุฏ ูู ุฑูุณูุง ูุงู,infected cases
ุงูุญุงูุงุช ูู ูููููุจูุง,infected cases
ูู ุงูุฃุญุณู ุฃูุจุณ ูุงุณู ููุง ูุฃ,muzzle/mask
ุทูุจ ูู ุงูุฃุฑุฏู ูุงู ุญุงูุฉ,infected cases
ุฃูุตุฏ ูุนูู ูู ููู ุนุงุฑุถ ูู ุงูู ููู,symptoms
ูู ุงูุชุฏุฎูู ููุจ ููุฑูุณ ูุฑููุฉ,smoking
ูููู ุงุนุฑู ุงุฎุฑ ูุณุชุฌุฏุงุช ููุฑููุง,about corona virus
ูู ูุถูู ูู ุญุฏ ุญุฑุงุฑุชู ุจุชุจูู ุงูุตุจุญ ูฃูง ูุจุงููู ุจุชุทูุน ูฃูง ููฆ ุดุฑุท ุจุณ ูููุด ุชุนุจ ุฃู ุญุงุฌู ุฏู ุนุงุฏู,nothing identified
ุนุฏุฏ ุงูุญุงูุงุช ูู ุฅุณุฑุงุฆูู,infected cases
ูุทุฑู ุงูููุงูู,precautions
ุญุงูุงุช ุงูููุงุฑุฏุฉ,infected cases
ุนุฏุฏ ุงูุญุงูุงุช ู ุงุณุจุงูุง,infected cases
ูุง ูู ูุณุงุฆู ุงูููุงูู ูู ููุฑุณ ููุฑููุง ุงููุณุชุฌุฏ,precautions
ูุง ูู ุงูููุงุฏ ุงูุชู ูููู ูุถุนูุง ูู ุงูุฑุดุงุด ุงููุณุชุฎุฏู ูู ุงูุชุนููู ูู ุงูููุฒู ู ูุง ุงูุชุฑููุฒุงุชุ,sterilization and disinfection
ุนุฏุฏ ุงููููุงุช,infected cases
ูุง ุณุจุจ ุงูุญุฑูุงู ุงููุณุชูุฑ ู ุงูุฒุฑู ูุน ุงูุฑูู ุงููุงุดู,assessment
ูู ุงูุฃุญุณู ุฃูุจุณ ุฌูุงูุชู ููุง ูุง,gloves
ุงูุชุงุฑูุฎ ุงููุชููุน ูุงูุชูุงุก ููุฑุณ ูุฑููุง ูู ูุตุฑ,the evolution of the virus
ุงูุชู ุจูุญ,nothing identified
ุงู,yes
ุงูุญุฌุฑ ุงูุตุญู ุจุฃุจูููุฑ ุงูุฅุณููุฏุฑูุฉ,home quarantine
ุงูู ุนุงูุงูุงุช ุงููุฑุถ,symptoms
ููู ูููู ุงูุญุฌุฑ ุงูุตุญู,home quarantine
ุทุฑูุฑุงูููุงูู,precautions
ุณูุจูุงุช ููุฑููุง,about corona virus
ุญุงูุงุช ุงููุงุฑุฏู,infected cases
ุงูู ููุน ุงููุญูู ุงููู ุงุนูู ุจูู ุงูุจูุช,sterilization and disinfection
ุงูุตุฏุงุน ูุงูุถุบุท ุงููุงุทู ูู ุงุนุฑุงุถ ูุฑููุง,symptoms
ูุง ูู ููุฑุฉ ุงูุฃูุฑุงูุงุช,nothing identified
ุดูุฑุง ูุญุถุฑุชู,reviews
ุงูุง ุจุณุงู ุนู ูุญุงูุธุฉ ูุนููุฉ,infected cases
ููู ุชูุชูู ุงูุนุฏูู ุจููุฑูุณ ููุฑููุง,transfer methods
ุฅุนุฏุงุฏ ุงููุตุงุจูู,infected cases
ูุงูู ุงููุญูุตุงุช ุงููุทููุจู ููุนุฑูู ูุฌูุฏ ุงูููุฑูุณ,disease detection
ุงูุง ุจูุญ,assessment
ุดูุฑุง โฅ๏ธ,reviews
ูููุณุชู ุณูุณูููุชู,greeting
ุงูููุงูู ูู ูุฑููุง,precautions
ุงุนุฏุงุฏ ุงูุญุงูุงุช ูู ุฅุณุฑุงุฆูู,infected cases
ุงููุฑู ุจูู ุงูุงูููููุฒุง ูุงูููุฑููุง,comparison
ุญุงูุงุช ุงูููุณุง,infected cases
ุงูุง ุงุณูู ูุงููู ู ุญุงุจุจ ุงุนุฑูู ุงูุชุฑ ูุงูููุณุฉ ูุงูู โค๏ธ,about bot
ุนุฏุฏ ุงููุตุงุจูู ูู ูุตุฑ ููู 13,infected cases
ุขุฎุฑ ุฃุฎุจุงุฑ ููุฑููุง ูู ูุตุฑ,the evolution of the virus
ุงู ุงููุญุงูุธุงุช ุงููุตุฑูุฉ ุธูุฑุช ุจูุง ุญุงูุงุช ุฅุตุงุจุฉ ูุนุฏุฏ ุงููููุงุช,infected cases
ูุงูู ุงุนุฏุงุฏ ุงูุงุตุงุจุฉ ูู ุงูุทุงููุง ุ,infected cases
ุทูุจ ููู ูุด ุจุชุฌุงูุจู ุนู ุชูุฑูุฑ ุฅุณุฑุงุฆูู,infected cases
ุงูุญุงูุงุช ูู ูุตุฑ,infected cases
ููููู ุงูููุงูุฉ ูู ููุฑููุง,precautions
ูู ุชู ุงููุตูู ุงูู ูุตู ุถุฏ ููุฑูุณ ููุฑููุง,treatment
ุงูุจุฑุชุบุงู,infected cases
ุงูู ุงููุธุงู,nothing identified
ุงูุง ุจุชุญุฑู ูุชูุฑ ุจุญูู ุดุบูู.  ุจุณ ุจุชุญุฑู ุจุนุฑุจูุชู   ุงูุฎุงุตู. ุจุณ ูููู ุงุนูู ุงูู ุงูู ูุง ุงุฑุฌุน ุงูุจูุช,precautions
ุงูุนุฏู ุงูู ูุชุจูู ุงุฐูู chatbot ูู ุงูุนุงูู,reviews
ุฃููุง ูุงููุณู,greeting
ูู ููุจู ูููู ูููู ูู ุงููููุณ,infection by animals
ุงูุญุงูุงุช ูุตูุช ููุงู ูู ุงุณุจุงููุง,infected cases
ุงุนุฏุงุฏ ุงูุญุงูุงุช ูู ูุทุฑ,infected cases
ูู ุงูุฑููุง,infected cases
ุงูุญุงูุงุช ูู ุงูุฃุฑุฏู,infected cases
ุญูุงุฏู ุงูู,reviews
ุงูู ุงูุฑูู ุงููู ูุชุตู ุจูู ูู ูู ุญุฏ ุฌุงูู ุงูููุฑุณ ูุญุงูุชู ุตุนุจู,emergency
ุงูู ุงูุบุจุงุก ุฏู,reviews
ูู ุนุฏุฏ ุงูุญุงูุงุช ูู ููุฏุง,infected cases
ูู ุงุซุจุช ุงู ุนูุงุฌ ููููุฑููุง ุญุชู ุงูุงู ูุนุงููุชู ูู ุงููุถุงุก ุนูููุง,treatment
ุญุงูุงุช ููุฑููุง ุงูุฌุฏูุฏู ุจูุตุฑ,infected cases
ุดูุฑุง ุฌุฒููุง ุจุตุฑุงุญุฉ ุฎุฏูุฉ ูููุณู ุฌุฏุง,reviews
ุนุฏุฏ ุญุงูุงุช ูููุงุช ุงูููุฑููุง ูู ูุตุฑ ูุงูุฏูู ุงูุนุฑุจูุฉ,infected cases
ูู ุนุฏุฏ ุงููุตุงุจูู ุจูุตุฑ ุงูุงู,infected cases
ุดูุฑุง ูุง ููุณูุฉ,reviews
ุฅุฒุงู ุฃุทูุฑ ุงูุจูุช,sterilization and disinfection
ูู ุนุฏุฏ ุงููุตุงุจูู ุจูุฑููุง ุงูููู ุจูุตุฑ,infected cases
ูุชู ูุชููู ููุฑูุณ ููุฑููุง ุ,about corona virus
ุงูุฑุงู ูุชุฑููุง ุจุฑูุทุงููุง,infected cases
ุงุนุฑุงุถ ูุฑุถ ุงููุฑููู,symptoms
ุงุนุฏุงุฏ ุงููุตุงุจูู ูู ูุตุฑ ุงูููู,infected cases
ููู ูููู ุงูุชูุงุตู ูุนููุ,about business
ูุง ูู ุงุนุฑุงุถ ุงููุฑุถ,symptoms
ุงุฒุงู ุงุนุฑู ูู ุญุฏ ูุฑูุถ ููุฑููุง ุงู ูุง,symptoms
ุนุฏุฏ ุญุงูุงุช ูุตุฑ ุงูููุงุฑุฏู,infected cases
ุฃููู ุฏู ุงูู ุนูุงูุชู ุจุงูุณุคุงูุ,nothing identified
ูุงู,greeting
ุงุฒุงู ุงุชุฌูุจ ุงูููุฑุณ,precautions
ูุงู ุนุฏุฏ ุงูุญุงูุงุช ูู ุงูุฑููุง,infected cases
ุงูุง ุงุนุฑู ุงุฒุงู ุงูุง ุนูุฏู ุงูููุฑููุง,symptoms
ุงูุงุดุนู ุงูููุทุนูู ุนูู ุงูุตุฏุฑ ุชุฏู ุนูู ูุฌูุฏ ุงููุฑุถ,disease detection
ุงูุชู ููู ุ,about bot
ุทูุจ ุนุงูุฒู ุงู ุงุณุงููุจ ุงุชุจุนูุง ุนุดุงู ุงูุฏุฑ ุงุญูู ุนูุงูู,precautions
ุฃููุง ูุณููุง,greeting
ุงููุง,greeting
ุจูุญ,nothing identified
ูู ุนุฏุฏ ุงูุญุงูุงุช,infected cases
ูุชู ููุชูู ููุฑูุณ ููุฑููุง,the evolution of the virus
ูููู ุงุนุฑู ูุชู ูุชู ุงูุงูุชูุงุก ูู ููุฑุณ ูุฑููุง ููู ูุชุฃุซุฑ ุจุงุฑุชูุงุน ุฏุฑุฌุฉ ุงูุญุฑุงุฑุฉ,warm weather
